method,instance_name,preprocessing,m,n,n_over_m,k_over_n,k,fixing_rule,max_cuts,start_time,end_time,runtime_seconds,solver_wall_time_seconds,objective_ub,reported_ub,lower_bound,gap,root_lower_bound,nodes_processed,open_nodes,cuts_generated,fixed_to_zero,fixed_to_one,time_limit_hit,tree_exhausted,status
bnb,airfoil,raw,5,1503,300.6,0.1,151,none,,2026-08-20 17:03:27,2026-08-20 17:23:15,1185.945815,1185.94499993324,19.747982959565,19.7479829595649,19.7479829595649,0,19.7471027456869,2029,0,,0,0,false,true,OPTIMAL (exhausted)
bnb,airfoil,raw,5,1503,300.6,0.1,151,dual,,2026-08-20 17:23:17,2026-08-20 17:25:34,136.9572629,136.955999851227,19.747982959565,19.7479829595649,19.7479829595649,0,19.7471027456869,1657,0,,2596,943,false,true,OPTIMAL (exhausted)
bnb,airfoil,raw,5,1503,300.6,0.1,151,primal,,2026-08-20 17:25:34,2026-08-20 17:27:24,109.8510518,109.851000070572,19.747982959565,19.7479829595649,19.7479829595649,0,19.7471027456869,1656,0,,2595,943,false,true,OPTIMAL (exhausted)
bnb,airfoil,normalized,5,1503,300.6,0.1,151,none,,2026-08-20 17:27:25,2026-08-20 17:31:32,247.8474119,247.847999811172,0.273507469547895,0.273507469547895,0.273507469547895,0,0.273470184616425,1159,0,,0,0,false,true,OPTIMAL (exhausted)
bnb,airfoil,normalized,5,1503,300.6,0.1,151,dual,,2026-08-20 17:31:33,2026-08-20 17:31:59,25.7292765,25.7289998531342,0.273507469547895,0.273507469547895,0.273507469547895,0,0.273470569039387,1113,0,,1781,875,false,true,OPTIMAL (exhausted)
bnb,airfoil,normalized,5,1503,300.6,0.1,151,primal,,2026-08-20 17:31:59,2026-08-20 17:32:25,25.6269229,25.6259999275208,0.273507469547895,0.273507469547895,0.273507469547895,0,0.273470569039387,1094,0,,1787,886,false,true,OPTIMAL (exhausted)
bnb,airfoil,standardized,5,1503,300.6,0.1,151,none,,2026-08-20 17:32:26,2026-08-20 17:32:26,0.7125539,0.713000059127808,0.0235522348256282,0.0235522348256282,0.0235522348256282,0,0.0235506737319153,3,0,,0,0,false,true,OPTIMAL (exhausted)
bnb,airfoil,standardized,5,1503,300.6,0.1,151,dual,,2026-08-20 17:32:27,2026-08-20 17:32:28,0.9884041,0.98799991607666,0.0235522348256282,0.0235522348256282,0.0235522348256282,0,0.0235506737319153,65,0,,1369,170,false,true,OPTIMAL (exhausted)
bnb,airfoil,standardized,5,1503,300.6,0.1,151,primal,,2026-08-20 17:32:28,2026-08-20 17:32:29,1.1259489,1.12599992752075,0.0235522348256282,0.0235522348256282,0.0235522348256282,0,0.0235506737319153,81,0,,1412,177,false,true,OPTIMAL (exhausted)
bnb,auto_mpg,raw,7,392,56,0.1,40,none,,2026-08-20 17:53:31,2026-08-20 17:56:18,166.3010366,166.302000045776,0.0657243662662933,0.0657243662662933,0.0657243662662933,0,0.0653669299267909,1721,0,,0,0,false,true,OPTIMAL (exhausted)
bnb,auto_mpg,raw,7,392,56,0.1,40,dual,,2026-08-20 17:56:19,2026-08-20 17:58:08,109.2428302,109.243000030518,0.0657243662662933,0.0657243662662933,0.0657243662662933,0,0.0653681643728803,2420,0,,5281,2369,false,true,OPTIMAL (exhausted)
bnb,auto_mpg,raw,7,392,56,0.1,40,primal,,2026-08-20 17:58:08,2026-08-20 17:59:34,85.9563207,85.9570000171661,0.0657243662662933,0.0657243662662933,0.0657243662662933,0,0.0653681643728803,2420,0,,5282,2369,false,true,OPTIMAL (exhausted)
bnb,auto_mpg,normalized,7,392,56,0.1,40,none,,2026-08-20 17:59:35,2026-08-20 18:00:18,42.4482406,42.4480001926422,6.19190258313855,6.19190258313856,6.19190258313856,0,6.17754198776883,403,0,,0,0,false,true,OPTIMAL (exhausted)
bnb,auto_mpg,normalized,7,392,56,0.1,40,dual,,2026-08-20 18:00:18,2026-08-20 18:00:32,13.7383433,13.7389998435974,6.19190258313855,6.19190258313856,6.19190258313856,0,6.17754236654611,492,0,,647,236,false,true,OPTIMAL (exhausted)
bnb,auto_mpg,normalized,7,392,56,0.1,40,primal,,2026-08-20 18:00:32,2026-08-20 18:00:46,13.9782432,13.9779999256134,6.19190258313855,6.19190258313856,6.19190258313856,0,6.17754236654611,492,0,,647,236,false,true,OPTIMAL (exhausted)
bnb,auto_mpg,standardized,7,392,56,0.1,40,none,,2026-08-20 18:00:47,2026-08-20 18:00:58,11.3363812,11.3369998931885,0.492082040373524,0.492082040373523,0.492082040373523,0,0.491333405468315,153,0,,0,0,false,true,OPTIMAL (exhausted)
bnb,auto_mpg,standardized,7,392,56,0.1,40,dual,,2026-08-20 18:00:59,2026-08-20 18:01:03,3.9180095,3.91700005531311,0.492082040373524,0.492082040373523,0.492082040373523,0,0.491333504545099,196,0,,505,134,false,true,OPTIMAL (exhausted)
bnb,auto_mpg,standardized,7,392,56,0.1,40,primal,,2026-08-20 18:01:03,2026-08-20 18:01:07,3.8819701,3.88199996948242,0.492082040373524,0.492082040373523,0.492082040373523,0,0.491333504545099,196,0,,505,134,false,true,OPTIMAL (exhausted)
bnb,concrete,raw,8,1030,128.75,0.1,103,none,,2026-08-20 18:01:08,2026-08-20 19:01:08,3600.0192332,3600.01899981499,0.00015430466258764,0.000154304662587641,0.000147877592298149,6.42707028949147E-06,0.00014719902608416,43457,11512,,0,0,true,false,TIME LIMIT
bnb,concrete,raw,8,1030,128.75,0.1,103,dual,,2026-08-20 19:01:08,2026-08-20 20:01:14,3605.1027009,3605.10199999809,0.00015430466258764,0.000154304662587641,0.000147877592298149,6.42707028949147E-06,0.00014719902608416,36335,7720,,329552,18712,true,false,TIME LIMIT
bnb,concrete,raw,8,1030,128.75,0.1,103,primal,,2026-08-20 20:01:14,2026-08-20 21:01:14,3600.0062472,3600.00600004196,0.00015430466258764,0.000154304662587641,0.000147877592298149,6.42707028949147E-06,0.00014719902608416,65647,15973,,835264,28082,true,false,TIME LIMIT
bnb,concrete,normalized,8,1030,128.75,0.1,103,none,,2026-08-20 23:10:00,2026-08-20 23:25:03,899.3413258,899.342000007629,0.935592564862615,0.935592564862617,0.935592564862617,0,0.935075436045595,3981,0,,0,0,false,true,OPTIMAL (exhausted)
bnb,concrete,normalized,8,1030,128.75,0.1,103,dual,,2026-08-20 23:25:04,2026-08-20 23:28:42,218.1750231,218.176000118256,0.935592564862615,0.935592564862617,0.935592564862617,0,0.935075436045595,4530,0,,7245,4970,false,true,OPTIMAL (exhausted)
bnb,concrete,normalized,8,1030,128.75,0.1,103,primal,,2026-08-20 23:28:43,2026-08-20 23:32:02,199.1617401,199.161999940872,0.935592564862615,0.935592564862617,0.935592564862617,0,0.935075436045595,4529,0,,7247,4972,false,true,OPTIMAL (exhausted)
bnb,concrete,standardized,8,1030,128.75,0.1,103,none,,2026-08-20 23:32:03,2026-08-20 23:45:19,796.537406,796.536999940872,0.131193032391527,0.131193032391527,0.131193032391527,0,0.131129408813422,4653,0,,0,0,false,true,OPTIMAL (exhausted)
bnb,concrete,standardized,8,1030,128.75,0.1,103,dual,,2026-08-20 23:45:20,2026-08-20 23:47:54,153.9305343,153.930999994278,0.131193032391527,0.131193032391527,0.131193032391527,0,0.13113204456989,5551,0,,7500,6010,false,true,OPTIMAL (exhausted)
bnb,concrete,standardized,8,1030,128.75,0.1,103,primal,,2026-08-20 23:47:54,2026-08-20 23:50:32,157.6189887,157.618999958038,0.131193032391527,0.131193032391527,0.131193032391527,0,0.13113204456989,5637,0,,7689,6120,false,true,OPTIMAL (exhausted)
bnb,forest_fires,raw,10,517,51.7,0.1,52,none,,2026-08-21 00:07:24,2026-08-21 00:10:56,209.0693899,209.067999839783,0.0381732412077606,0.0381732412077606,0.0381732412077606,0,0.0381226384300823,1993,0,,0,0,false,true,OPTIMAL (exhausted)
bnb,forest_fires,raw,10,517,51.7,0.1,52,dual,,2026-08-21 00:10:57,2026-08-21 00:12:04,66.5155338,66.5160000324249,0.0381732412077606,0.0381732412077606,0.0381732412077606,0,0.0381232846932495,2928,0,,3709,2432,false,true,OPTIMAL (exhausted)
bnb,forest_fires,raw,10,517,51.7,0.1,52,primal,,2026-08-21 00:12:04,2026-08-21 00:12:55,50.8974617,50.9000000953674,0.0381732412077606,0.0381732412077606,0.0381732412077606,0,0.0381232846932495,2927,0,,3694,2437,false,true,OPTIMAL (exhausted)
bnb,forest_fires,normalized,10,517,51.7,0.1,52,none,,2026-08-21 00:12:55,2026-08-21 00:16:52,236.9942222,236.995000123978,4.75250603872924,4.75250603872924,4.75250603872924,0,4.74439656635039,1805,0,,0,0,false,true,OPTIMAL (exhausted)
bnb,forest_fires,normalized,10,517,51.7,0.1,52,dual,,2026-08-21 00:16:53,2026-08-21 00:18:25,92.4322473,92.4349999427795,4.75250603872924,4.75250603872924,4.75250603872924,0,4.74439656635039,2543,0,,4192,2487,false,true,OPTIMAL (exhausted)
bnb,forest_fires,normalized,10,517,51.7,0.1,52,primal,,2026-08-21 00:18:25,2026-08-21 00:19:52,87.0099505,87.0099999904633,4.75250603872924,4.75250603872924,4.75250603872924,0,4.74439656635039,2543,0,,4192,2487,false,true,OPTIMAL (exhausted)
bnb,forest_fires,standardized,10,517,51.7,0.1,52,none,,2026-08-21 00:19:53,2026-08-21 00:22:39,165.6885202,165.685000181198,0.138398525551974,0.138398525551974,0.138398525551974,0,0.138034346809111,1625,0,,0,0,false,true,OPTIMAL (exhausted)
bnb,forest_fires,standardized,10,517,51.7,0.1,52,dual,,2026-08-21 00:22:39,2026-08-21 00:23:54,75.173455,75.1710000038147,0.138398525551974,0.138398525551974,0.138398525551974,0,0.138034369219693,2322,0,,2677,2234,false,true,OPTIMAL (exhausted)
bnb,forest_fires,standardized,10,517,51.7,0.1,52,primal,,2026-08-21 00:23:55,2026-08-21 00:25:08,73.4265983,73.4270000457764,0.138398525551974,0.138398525551974,0.138398525551974,0,0.138034369219693,2322,0,,2677,2234,false,true,OPTIMAL (exhausted)
bnb,wine_red,raw,11,1599,145.363636363636,0.1,160,none,,2026-08-21 00:25:09,2026-08-21 01:25:09,3600.0705339,3600.06900000572,3.79718175238239,3.79718175238307,3.79646419768327,0.00071755469980106,3.7942162489018,11969,4170,,0,0,true,false,TIME LIMIT
bnb,wine_red,raw,11,1599,145.363636363636,0.1,160,dual,,2026-08-21 01:25:09,2026-08-21 02:25:09,3600.0283919,3600.02999997139,3.79718175238239,3.79718175238307,3.7967447994177,0.000436952965372051,3.7942173848648,70715,11977,,130366,89845,true,false,TIME LIMIT
bnb,wine_red,raw,11,1599,145.363636363636,0.1,160,primal,,2026-08-21 02:25:09,2026-08-21 03:25:09,3600.0164015,3600.01700019836,3.79718175238239,3.79718175238307,3.79674763307528,0.000434119307785696,3.7942173848648,71622,12086,,131467,90561,true,false,TIME LIMIT
bnb,wine_red,normalized,11,1599,145.363636363636,0.1,160,none,,2026-08-21 03:25:10,2026-08-21 04:10:31,2720.3674584,2720.36800003052,3.49932253892263,3.49932253892266,3.49932253892266,0,3.49805524798919,11179,0,,0,0,false,true,OPTIMAL (exhausted)
bnb,wine_red,normalized,11,1599,145.363636363636,0.1,160,dual,,2026-08-21 04:10:31,2026-08-21 04:19:44,553.1143474,553.115000009537,3.49932253892263,3.49932253892266,3.49932253892266,0,3.49805524798919,15030,0,,17678,12722,false,true,OPTIMAL (exhausted)
bnb,wine_red,normalized,11,1599,145.363636363636,0.1,160,primal,,2026-08-21 04:19:44,2026-08-21 04:28:43,539.0436912,539.044000148773,3.49932253892263,3.49932253892266,3.49932253892266,0,3.49805524798919,15030,0,,17678,12722,false,true,OPTIMAL (exhausted)
bnb,wine_red,standardized,11,1599,145.363636363636,0.1,160,none,,2026-08-21 04:28:44,2026-08-21 05:28:44,3600.180814,3600.18299984932,0.0669760274287714,0.0669760274287715,0.0669705876756022,5.4397531692868E-06,0.0669505301920097,17774,6987,,0,0,true,false,TIME LIMIT
bnb,wine_red,standardized,11,1599,145.363636363636,0.1,160,dual,,2026-08-21 05:28:45,2026-08-21 06:25:19,3394.3763959,3394.37599992752,0.0669760274287714,0.0669760274287715,0.0669760274287715,0,0.0669505301920097,128238,0,,120414,126869,false,true,OPTIMAL (exhausted)
bnb,wine_red,standardized,11,1599,145.363636363636,0.1,160,primal,,2026-08-21 06:25:20,2026-08-21 07:21:37,3377.7052557,3377.70700001717,0.0669760274287714,0.0669760274287715,0.0669760274287715,0,0.0669505301920097,127843,0,,120297,126952,false,true,OPTIMAL (exhausted)
bnb,wine_white,raw,11,4898,445.272727272727,0.1,490,none,,2026-08-21 07:21:38,2026-08-21 08:21:38,3600.5488621,3600.54600000381,1.68642721569466,1.68642721569468,1.68641428433268,1.29313619992022E-05,1.68639044229653,3864,1679,,0,0,true,false,TIME LIMIT
bnb,wine_white,raw,11,4898,445.272727272727,0.1,490,dual,,2026-08-21 08:21:39,2026-08-21 09:21:39,3600.0013417,3600.00499987602,1.68642721569466,1.68642721569468,1.68642482329291,2.39240176536093E-06,1.68639044229653,86753,5608,,69477,68355,true,false,TIME LIMIT
bnb,wine_white,raw,11,4898,445.272727272727,0.1,490,primal,,2026-08-21 09:21:39,2026-08-21 10:21:39,3600.0303915,3600.03299999237,1.68642721569466,1.68642721569468,1.68642502739647,2.1882982119692E-06,1.68639044229653,91610,4963,,72327,70587,true,false,TIME LIMIT
bnb,wine_white,normalized,11,4898,445.272727272727,0.1,490,none,,2026-08-21 10:21:40,2026-08-21 10:27:29,348.1775474,348.177000045776,4.86396124111107,4.86396124111104,4.86396124111104,0,4.86388419184679,469,0,,0,0,false,true,OPTIMAL (exhausted)
bnb,wine_white,normalized,11,4898,445.272727272727,0.1,490,dual,,2026-08-21 10:27:29,2026-08-21 10:27:54,25.2492647,25.2550001144409,4.86396124111107,4.86396124111104,4.86396124111104,0,4.86388419184679,625,0,,5282,1531,false,true,OPTIMAL (exhausted)
bnb,wine_white,normalized,11,4898,445.272727272727,0.1,490,primal,,2026-08-21 10:27:55,2026-08-21 10:28:20,25.2902195,25.2910001277924,4.86396124111107,4.86396124111104,4.86396124111104,0,4.86388419184679,625,0,,5282,1531,false,true,OPTIMAL (exhausted)
bnb,wine_white,standardized,11,4898,445.272727272727,0.1,490,none,,2026-08-21 18:59:48,2026-08-21 19:07:35,463.6580529,463.654000043869,0.0297944854293575,0.0297944854293576,0.0297944854293576,0,0.0297932368953869,129,0,,0,0,false,true,OPTIMAL (exhausted)
bnb,wine_white,standardized,11,4898,445.272727272727,0.1,490,dual,,2026-08-21 19:07:37,2026-08-21 20:07:37,3600.0151034,3600.01600003243,0.0297954965317128,0.0297954965317129,0.0297932368953869,2.2596363260137E-06,0.0297932368953869,117516,14853,,355700,486478,true,false,TIME LIMIT
bnb,wine_white,standardized,11,4898,445.272727272727,0.1,490,primal,,2026-08-21 20:07:38,2026-08-21 21:07:38,3600.0600406,3600.0609998703,0.0297954965317128,0.0297954965317129,0.0297932368953869,2.2596363260137E-06,0.0297932368953869,129580,14538,,275918,555612,true,false,TIME LIMIT
bnb,yacht,raw,6,308,51.3333333333333,0.1,31,none,,2026-08-21 21:07:41,2026-08-21 22:07:41,3600.0044198,3600.0039999485,30.3466945137678,30.3466945137879,30.27892548963,0.0677690241579363,30.209122112234,18085,8855,,0,0,true,false,TIME LIMIT
bnb,yacht,raw,6,308,51.3333333333333,0.1,31,dual,,2026-08-21 22:07:42,2026-08-21 23:07:42,3600.1038612,3600.10500001907,30.3466945137678,30.3466945137879,30.2776031531029,0.0690913606849932,30.2091227755234,25666,7791,,94000,9195,true,false,TIME LIMIT
bnb,yacht,raw,6,308,51.3333333333333,0.1,31,primal,,2026-08-21 23:07:42,2026-08-22 00:07:42,3600.1291976,3600.1289999485,30.3466945137678,30.3466945137879,30.2784128387806,0.0682816750072917,30.2091227755234,28083,8417,,107375,10474,true,false,TIME LIMIT
bnb,yacht,normalized,6,308,51.3333333333333,0.1,31,none,,2026-08-22 00:07:43,2026-08-22 00:11:35,231.7789888,231.776999950409,3.78854152477725,3.78854152477726,3.78854152477726,0,3.7754334510239,2177,0,,0,0,false,true,OPTIMAL (exhausted)
bnb,yacht,normalized,6,308,51.3333333333333,0.1,31,dual,,2026-08-22 00:11:35,2026-08-22 00:13:02,87.0794601,87.0810000896454,3.78854152477725,3.78854152477726,3.78854152477726,0,3.7754334510239,2086,0,,5139,1865,false,true,OPTIMAL (exhausted)
bnb,yacht,normalized,6,308,51.3333333333333,0.1,31,primal,,2026-08-22 00:13:03,2026-08-22 00:14:30,87.101177,87.0989999771118,3.78854152477725,3.78854152477726,3.78854152477726,0,3.7754334510239,2086,0,,5139,1865,false,true,OPTIMAL (exhausted)
bnb,yacht,standardized,6,308,51.3333333333333,0.1,31,none,,2026-08-22 09:33:52,2026-08-22 10:33:55,3600.0972063,3600.09699988365,1.07715871886899,1.077158718869,1.07252426301195,0.00463445585704303,1.0701709574877,22778,10733,,0,0,true,false,TIME LIMIT
bnb,yacht,standardized,6,308,51.3333333333333,0.1,31,dual,,2026-08-22 10:33:56,2026-08-22 11:33:56,3600.0448225,3600.04400014877,1.07736155070754,1.07736155070754,1.07251855365962,0.00484299704792268,1.07017122866811,29475,11068,,149783,24503,true,false,TIME LIMIT
bnb,yacht,standardized,6,308,51.3333333333333,0.1,31,primal,,2026-08-22 11:33:57,2026-08-22 12:33:57,3600.1831401,3600.18400001526,1.07736155070754,1.07736155070754,1.07251735154653,0.00484419916101286,1.07017122866811,29369,11036,,149301,24460,true,false,TIME LIMIT
lr,airfoil,raw,5,1503,300.6,0.1,151,none,,2026-08-25 17:31:28,2026-08-25 18:31:36,3604.2011834,3604.202000141144,19.888467293397845,19.888467293397834,19.580112499255023,0.30835479414281153,19.580112499255023,166,83,,0,0,true,false,TIME LIMIT
lr,airfoil,raw,5,1503,300.6,0.1,151,dual,,2026-08-25 18:31:37,2026-08-25 19:31:56,3618.8259108,3618.8259999752045,19.888467293397845,19.888467293397834,19.580112499255023,0.30835479414281153,19.580112499255023,168,84,,0,16,true,false,TIME LIMIT
lr,airfoil,normalized,5,1503,300.6,0.1,151,none,,2026-08-25 19:31:57,2026-08-25 20:32:06,3608.543939,3608.545000076294,0.27350746954789473,0.27350746954789473,0.27349652584192363,1.0943705971100393e-5,0.27347092427604147,180,82,,0,0,true,false,TIME LIMIT
lr,airfoil,normalized,5,1503,300.6,0.1,151,dual,,2026-08-25 20:32:06,2026-08-25 20:32:51,44.92872,44.92900013923645,0.27350746954789473,0.27350746954789473,0.27350746954789473,0.0,0.27347092427604147,1098,0,,1742,800,false,true,OPTIMAL (exhausted)
lr,airfoil,standardized,5,1503,300.6,0.1,151,none,,2026-08-25 20:32:52,2026-08-25 20:33:59,67.5295486,67.52900004386902,0.023552234825628186,0.023552234825628175,0.023552234825628175,0.0,0.023550907946101665,3,0,,0,0,false,true,OPTIMAL (exhausted)
lr,airfoil,standardized,5,1503,300.6,0.1,151,dual,,2026-08-25 20:34:00,2026-08-25 20:34:23,22.7546567,22.753999948501587,0.023552234825628186,0.023552234825628175,0.023552234825628175,0.0,0.023550907946101665,10,0,,1342,141,false,true,OPTIMAL (exhausted)
lr,auto_mpg,raw,7,392,56.0,0.1,40,none,,2026-08-25 20:34:23,2026-08-25 21:34:23,3600.0300766,3600.029000043869,0.0727345990712624,0.07273459907126242,0.025935296332439822,0.0467993027388226,0.025935296332439822,16693,8344,,0,0,true,false,TIME LIMIT
lr,auto_mpg,raw,7,392,56.0,0.1,40,dual,,2026-08-25 21:34:24,2026-08-25 22:34:24,3600.0510296,3600.0510001182556,0.0727345990712624,0.07273459907126242,0.025935296332439822,0.0467993027388226,0.025935296332439822,16467,8220,,0,134,true,false,TIME LIMIT
lr,auto_mpg,normalized,7,392,56.0,0.1,40,none,,2026-08-25 22:34:25,2026-08-25 22:43:45,560.448289,560.4479999542236,6.191902583138549,6.191902583138561,6.191902583138561,0.0,6.17754280365971,661,0,,0,0,false,true,OPTIMAL (exhausted)
lr,auto_mpg,normalized,7,392,56.0,0.1,40,dual,,2026-08-25 22:43:46,2026-08-25 22:44:18,32.0138448,32.01300001144409,6.191902583138549,6.191902583138561,6.191902583138561,0.0,6.177542828392211,889,0,,869,361,false,true,OPTIMAL (exhausted)
lr,auto_mpg,standardized,7,392,56.0,0.1,40,none,,2026-08-25 22:44:19,2026-08-25 22:46:47,148.6905767,148.6890001296997,0.4920820403735235,0.4920820403735227,0.4920820403735227,0.0,0.49133434719307234,149,0,,0,0,false,true,OPTIMAL (exhausted)
lr,auto_mpg,standardized,7,392,56.0,0.1,40,dual,,2026-08-25 22:46:48,2026-08-25 22:46:55,7.6374895,7.638000011444092,0.4920820403735235,0.4920820403735227,0.4920820403735227,0.0,0.49133434719307234,199,0,,457,107,false,true,OPTIMAL (exhausted)
lr,concrete,raw,8,1030,128.75,0.1,103,none,,2026-08-25 22:46:56,2026-08-25 23:46:57,3600.4762249,3600.4759998321533,0.0001572826110951782,0.00015728261109517798,-0.0023731199180140744,0.0025304025291092522,-0.0023731199180140744,1426,713,,0,0,true,false,TIME LIMIT
lr,concrete,raw,8,1030,128.75,0.1,103,dual,,2026-08-25 23:46:57,2026-08-26 00:46:58,3600.9350351,3600.9349999427795,0.0001572826110951782,0.00015728261109517798,-0.0023731199180140744,0.0025304025291092522,-0.0023731199180140744,1563,782,,0,0,true,false,TIME LIMIT
lr,concrete,normalized,8,1030,128.75,0.1,103,none,,2026-08-26 00:46:59,2026-08-26 01:47:01,3602.0796536,3602.0800001621246,0.935605371524143,0.9356053715241441,0.9354177113242039,0.00018766019994020944,0.9350759578719937,461,204,,0,0,true,false,TIME LIMIT
lr,concrete,normalized,8,1030,128.75,0.1,103,dual,,2026-08-26 01:47:02,2026-08-26 01:52:15,313.1669507,313.1670000553131,0.9355925648626154,0.9355925648626165,0.9355925648626165,0.0,0.9350759578719937,5639,0,,8006,5085,false,true,OPTIMAL (exhausted)
lr,concrete,standardized,8,1030,128.75,0.1,103,none,,2026-08-26 01:52:16,2026-08-26 02:52:23,3607.2844959,3607.2850000858307,0.1311930323915271,0.13119303239152677,0.13116935187760598,2.3680513920792956e-5,0.13113235487072064,393,180,,0,0,true,false,TIME LIMIT
lr,concrete,standardized,8,1030,128.75,0.1,103,dual,,2026-08-26 02:52:23,2026-08-26 02:58:13,349.6353829,349.635999917984,0.1311930323915271,0.13119303239152677,0.13119303239152677,0.0,0.13113235487072064,6651,0,,8976,7578,false,true,OPTIMAL (exhausted)
lr,forest_fires,raw,10,517,51.7,0.1,52,none,,2026-08-26 02:58:14,2026-08-26 03:58:15,3600.8231871,3600.823000192642,0.03998713934836349,0.039987139348363454,0.036139873893024185,0.0038472654553392688,0.036139873893024185,4358,2179,,0,0,true,false,TIME LIMIT
lr,forest_fires,raw,10,517,51.7,0.1,52,dual,,2026-08-26 03:58:15,2026-08-26 04:58:15,3600.267201,3600.2679998874664,0.03998713934836349,0.039987139348363454,0.036139873893024185,0.0038472654553392688,0.036139873893024185,6629,3266,,2,347,true,false,TIME LIMIT
lr,forest_fires,normalized,10,517,51.7,0.1,52,none,,2026-08-26 04:58:16,2026-08-26 05:54:37,3380.8217742,3380.821000099182,4.752506038729239,4.752506038729239,4.752506038729239,0.0,4.744397787858805,2013,0,,0,0,false,true,OPTIMAL (exhausted)
lr,forest_fires,normalized,10,517,51.7,0.1,52,dual,,2026-08-26 05:54:38,2026-08-26 05:58:55,257.4096163,257.40899991989136,4.752506038729239,4.752506038729239,4.752506038729239,0.0,4.744397787858805,2888,0,,4778,2911,false,true,OPTIMAL (exhausted)
lr,forest_fires,standardized,10,517,51.7,0.1,52,none,,2026-08-26 07:07:41,2026-08-26 08:07:46,3601.6448108,3601.645000219345,0.13839852555197368,0.1383985255519737,0.13839696644093388,1.5591110398283092e-6,0.13803544878552376,1720,12,,0,0,true,false,TIME LIMIT
lr,forest_fires,standardized,10,517,51.7,0.1,52,dual,,2026-08-26 08:07:47,2026-08-26 08:10:39,171.6657667,171.66499996185303,0.13839852555197368,0.1383985255519737,0.1383985255519737,0.0,0.13803544878552376,1892,0,,1935,1543,false,true,OPTIMAL (exhausted)
lr,wine_red,raw,11,1599,145.36363636363637,0.1,160,none,,2026-08-26 08:10:40,2026-08-26 09:10:57,3617.8734084,3617.8740000724792,3.797803933085501,3.7978039330864752,3.794700960032872,0.0031029730536031863,3.7942077267950203,77,39,,0,0,true,false,TIME LIMIT
lr,wine_red,raw,11,1599,145.36363636363637,0.1,160,dual,,2026-08-26 09:10:58,2026-08-26 10:11:20,3621.7006648,3621.7000000476837,3.7974369109602533,3.7974369109603674,3.794333771617143,0.0031031393432243704,3.7942077267950203,440,128,,36228,2738,true,false,TIME LIMIT
lr,wine_red,normalized,11,1599,145.36363636363637,0.1,160,none,,2026-08-26 10:11:20,2026-08-26 11:11:26,3605.4959735,3605.4960000514984,3.4995288427411935,3.499528842741196,3.498502999267574,0.0010258434736223343,3.498056110726252,142,71,,0,0,true,false,TIME LIMIT
lr,wine_red,normalized,11,1599,145.36363636363637,0.1,160,dual,,2026-08-26 11:11:26,2026-08-26 11:45:32,2045.3126267,2045.3120000362396,3.49932253892263,3.4993225389226605,3.4993225389226605,0.0,3.498056110726252,19488,0,,26915,19855,false,true,OPTIMAL (exhausted)
lr,wine_red,standardized,11,1599,145.36363636363637,0.1,160,none,,2026-08-26 11:45:33,2026-08-26 12:45:59,3626.6537768,3626.654000043869,0.06697850580570354,0.0669785058057036,0.0669582361851211,2.0269620582491488e-5,0.06695091315137344,115,58,,0,0,true,false,TIME LIMIT
lr,wine_red,standardized,11,1599,145.36363636363637,0.1,160,dual,,2026-08-26 12:46:00,2026-08-26 13:46:00,3600.0339446,3600.0329999923706,0.06697602742877143,0.0669760274287715,0.0669645119560811,1.1515472690404316e-5,0.06695091315137344,24524,6650,,81755,54901,true,false,TIME LIMIT
lr,wine_white,raw,11,4898,445.27272727272725,0.1,490,none,,2026-08-26 13:46:01,2026-08-26 14:46:28,3627.3326311,3627.332999944687,1.6955181216568591,1.695518121656712,1.6691196665781112,0.026398455078600724,1.6658444615271617,6,3,,0,0,true,false,TIME LIMIT
lr,wine_white,raw,11,4898,445.27272727272725,0.1,490,dual,,2026-08-26 14:46:28,2026-08-26 15:47:00,3631.9486158,3631.949000120163,1.6955181216568591,1.695518121656712,1.676599574098368,0.01891854755834399,1.676599574098368,6,2,,0,4,true,false,TIME LIMIT
lr,wine_white,normalized,11,4898,445.27272727272725,0.1,490,none,,2026-08-26 15:47:02,2026-08-26 16:53:15,3973.7369911,3973.7370002269745,4.864052074630215,4.864052074630209,4.8638908974466695,0.0001611771835392517,4.863884052035459,7,4,,0,0,true,false,TIME LIMIT
lr,wine_white,normalized,11,4898,445.27272727272725,0.1,490,dual,,2026-08-26 16:53:16,2026-08-26 17:07:27,850.8878208,850.8879997730255,4.863961241111068,4.8639612411110384,4.8639612411110384,0.0,4.863884139292988,2439,0,,6264,3016,false,true,OPTIMAL (exhausted)
lr,wine_white,standardized,11,4898,445.27272727272725,0.1,490,none,,2026-08-26 17:07:28,2026-08-26 18:07:59,3631.1069949,3631.1070001125336,0.0297957417604562,0.02979574176045626,0.029792158724280576,3.5830361756854223e-6,0.029786929448823947,6,3,,0,0,true,false,TIME LIMIT
lr,wine_white,standardized,11,4898,445.27272727272725,0.1,490,dual,,2026-08-26 18:08:00,2026-08-26 19:08:00,3600.6479807,3600.6480000019073,0.02979510961551521,0.029795109615515278,0.02979259345338155,2.5161621337276008e-6,0.02979259345338155,5354,2049,,36422,18588,true,false,TIME LIMIT
lr,yacht,raw,6,308,51.333333333333336,0.1,31,none,,2026-08-26 19:08:01,2026-08-26 20:08:01,3600.2033518,3600.2039999961853,31.8333360579326,31.83333605790166,-2384.948075,2416.7814110579016,-2386.826,5440,2052,,0,0,true,false,TIME LIMIT
lr,yacht,raw,6,308,51.333333333333336,0.1,31,dual,,2026-08-26 20:08:02,2026-08-26 21:08:02,3600.0106694,3600.0069999694824,31.8333360579326,31.83333605790166,-2384.96745,2416.800786057902,-2386.826,5261,1992,,0,0,true,false,TIME LIMIT
lr,yacht,normalized,6,308,51.333333333333336,0.1,31,none,,2026-08-26 21:08:03,2026-08-26 21:26:43,1119.660262,1119.659999847412,3.78854152477725,3.788541524777255,3.788541524777255,0.0,3.77543349310195,1993,0,,0,0,false,true,OPTIMAL (exhausted)
lr,yacht,normalized,6,308,51.333333333333336,0.1,31,dual,,2026-08-26 21:26:43,2026-08-26 21:28:20,96.9262166,96.92499995231628,3.78854152477725,3.788541524777255,3.788541524777255,0.0,3.77543349310195,2190,0,,5193,1817,false,true,OPTIMAL (exhausted)
lr,yacht,standardized,6,308,51.333333333333336,0.1,31,none,,2026-08-26 21:28:21,2026-08-26 22:28:21,3600.2958215,3600.2960000038147,1.0775136353741384,1.077513635374145,1.0718676587408855,0.005645976633259497,1.0701718503170718,4583,2272,,0,0,true,false,TIME LIMIT
lr,yacht,standardized,6,308,51.333333333333336,0.1,31,dual,,2026-08-26 22:28:22,2026-08-26 23:28:22,3598.809822,3600.0049998760223,1.077181612526537,1.0771816125265437,1.07220835658611,0.00497325594043363,1.0701718503170718,16626,6076,,54579,19021,true,false,TIME LIMIT
bnc,airfoil,raw,5,1503,300.6,0.1,151,none,20,2026-08-27 14:15:40,2026-08-27 14:33:02,1039.1720509,1039.1719999313354,19.74798295956498,19.747982959564947,19.747982959564947,0.0,19.747102745686874,1741,0,871,0,0,false,true,OPTIMAL (exhausted)
bnc,airfoil,raw,5,1503,300.6,0.1,151,dual,20,2026-08-27 14:33:03,2026-08-27 14:35:12,129.2752968,129.27499985694885,19.74798295956498,19.747982959564947,19.747982959564947,0.0,19.747102745686874,1646,0,621,2587,935,false,true,OPTIMAL (exhausted)
bnc,airfoil,raw,5,1503,300.6,0.1,151,primal,20,2026-08-27 14:35:13,2026-08-27 14:36:55,102.8008477,102.80099987983704,19.74798295956498,19.747982959564947,19.747982959564947,0.0,19.747102745686874,1658,0,625,2594,937,false,true,OPTIMAL (exhausted)
bnc,airfoil,normalized,5,1503,300.6,0.1,151,none,20,2026-08-27 14:36:56,2026-08-27 14:40:43,227.0916494,227.09099984169006,0.27350746954789473,0.27350746954789473,0.27350746954789473,0.0,0.27347018461642525,1147,0,574,0,0,false,true,OPTIMAL (exhausted)
bnc,airfoil,normalized,5,1503,300.6,0.1,151,dual,20,2026-08-27 14:40:44,2026-08-27 14:41:08,24.3083086,24.308000087738037,0.27350746954789473,0.27350746954789473,0.27350746954789473,0.0,0.2734705690393869,1263,0,429,1882,1070,false,true,OPTIMAL (exhausted)
bnc,airfoil,normalized,5,1503,300.6,0.1,151,primal,20,2026-08-27 14:41:08,2026-08-27 14:41:32,23.9717236,23.971999883651733,0.27350746954789473,0.27350746954789473,0.27350746954789473,0.0,0.2734705690393869,1237,0,424,1886,1086,false,true,OPTIMAL (exhausted)
bnc,airfoil,standardized,5,1503,300.6,0.1,151,none,20,2026-08-27 14:41:33,2026-08-27 14:41:34,0.6496115,0.6500000953674316,0.023552234825628186,0.023552234825628175,0.023552234825628175,0.0,0.0235506737319153,3,0,2,0,0,false,true,OPTIMAL (exhausted)
bnc,airfoil,standardized,5,1503,300.6,0.1,151,dual,20,2026-08-27 14:41:34,2026-08-27 14:41:35,0.7652341,0.7650001049041748,0.023552234825628186,0.023552234825628175,0.023552234825628175,0.0,0.0235506737319153,45,0,17,1372,162,false,true,OPTIMAL (exhausted)
bnc,airfoil,standardized,5,1503,300.6,0.1,151,primal,20,2026-08-27 14:41:35,2026-08-27 14:41:36,0.915429,0.9149999618530273,0.023552234825628186,0.023552234825628175,0.023552234825628175,0.0,0.0235506737319153,70,0,25,1395,176,false,true,OPTIMAL (exhausted)
bnc,auto_mpg,raw,7,392,56.0,0.1,40,none,20,2026-08-27 14:41:37,2026-08-27 14:44:30,173.5856197,173.58599996566772,0.0657243662662933,0.0657243662662933,0.0657243662662933,0.0,0.06536692992679086,1807,0,858,0,0,false,true,OPTIMAL (exhausted)
bnc,auto_mpg,raw,7,392,56.0,0.1,40,dual,20,2026-08-27 14:44:31,2026-08-27 14:46:22,110.7149428,110.71499991416931,0.0657243662662933,0.0657243662662933,0.0657243662662933,0.0,0.06536816437288026,2544,0,821,5306,2427,false,true,OPTIMAL (exhausted)
bnc,auto_mpg,raw,7,392,56.0,0.1,40,primal,20,2026-08-27 14:46:22,2026-08-27 14:47:51,89.3066376,89.30599999427795,0.0657243662662933,0.0657243662662933,0.0657243662662933,0.0,0.06536816437288026,2533,0,818,5324,2428,false,true,OPTIMAL (exhausted)
bnc,auto_mpg,normalized,7,392,56.0,0.1,40,none,20,2026-08-27 14:47:52,2026-08-27 14:48:34,41.9696616,41.97000002861023,6.191902583138549,6.191902583138561,6.191902583138561,0.0,6.177541987768834,403,0,202,0,0,false,true,OPTIMAL (exhausted)
bnc,auto_mpg,normalized,7,392,56.0,0.1,40,dual,20,2026-08-27 14:48:34,2026-08-27 14:48:48,13.4208432,13.419999837875366,6.191902583138549,6.191902583138561,6.191902583138561,0.0,6.177542366546108,492,0,174,647,236,false,true,OPTIMAL (exhausted)
bnc,auto_mpg,normalized,7,392,56.0,0.1,40,primal,20,2026-08-27 14:48:48,2026-08-27 14:49:02,13.6310006,13.63100004196167,6.191902583138549,6.191902583138561,6.191902583138561,0.0,6.177542366546108,492,0,174,647,236,false,true,OPTIMAL (exhausted)
bnc,auto_mpg,standardized,7,392,56.0,0.1,40,none,20,2026-08-27 14:49:03,2026-08-27 14:49:14,11.2054865,11.206000089645386,0.4920820403735235,0.4920820403735227,0.4920820403735227,0.0,0.4913334054683146,153,0,77,0,0,false,true,OPTIMAL (exhausted)
bnc,auto_mpg,standardized,7,392,56.0,0.1,40,dual,20,2026-08-27 14:49:14,2026-08-27 14:49:18,3.6154413,3.615000009536743,0.4920820403735235,0.4920820403735227,0.4920820403735227,0.0,0.4913335045450993,196,0,70,505,134,false,true,OPTIMAL (exhausted)
bnc,auto_mpg,standardized,7,392,56.0,0.1,40,primal,20,2026-08-27 14:49:18,2026-08-27 14:49:22,3.677724,3.677999973297119,0.4920820403735235,0.4920820403735227,0.4920820403735227,0.0,0.4913335045450993,196,0,70,505,134,false,true,OPTIMAL (exhausted)
bnc,concrete,raw,8,1030,128.75,0.1,103,none,20,2026-08-27 14:49:23,2026-08-27 15:49:23,3600.0200971,3600.0179998874664,0.00015430466258764016,0.00015430466258764067,0.0001478775922981492,6.42707028949147e-6,0.0001471990260841595,74775,31683,5705,0,0,true,false,TIME LIMIT
bnc,concrete,raw,8,1030,128.75,0.1,103,dual,20,2026-08-27 15:49:25,2026-08-27 16:49:25,3600.1105769,3600.1100001335144,0.00015430466258764016,0.00015430466258764067,0.0001478775922981492,6.42707028949147e-6,0.0001471990260841595,35561,9760,6299,176714,11178,true,false,TIME LIMIT
bnc,concrete,raw,8,1030,128.75,0.1,103,primal,20,2026-08-27 16:49:26,2026-08-27 17:49:26,3600.0062671,3600.0060000419617,0.00015430466258764016,0.00015430466258764067,0.0001478775922981492,6.42707028949147e-6,0.0001471990260841595,58634,12157,11942,298002,19713,true,false,TIME LIMIT
bnc,concrete,normalized,8,1030,128.75,0.1,103,none,20,2026-08-27 17:49:27,2026-08-27 18:05:11,944.094585,944.0950000286102,0.9355925648626154,0.9355925648626165,0.9355925648626165,0.0,0.9350754360455953,3969,0,1979,0,0,false,true,OPTIMAL (exhausted)
bnc,concrete,normalized,8,1030,128.75,0.1,103,dual,20,2026-08-27 18:05:11,2026-08-27 18:10:00,288.4491113,288.4489998817444,0.9355925648626154,0.9355925648626165,0.9355925648626165,0.0,0.9350754360455953,4590,0,1555,7274,5015,false,true,OPTIMAL (exhausted)
bnc,concrete,normalized,8,1030,128.75,0.1,103,primal,20,2026-08-27 18:10:00,2026-08-27 18:14:26,265.8689154,265.8690001964569,0.9355925648626154,0.9355925648626165,0.9355925648626165,0.0,0.9350754360455953,4592,0,1555,7290,5019,false,true,OPTIMAL (exhausted)
bnc,concrete,standardized,8,1030,128.75,0.1,103,none,20,2026-08-27 18:14:27,2026-08-27 18:29:27,899.5689304,899.5680000782013,0.1311930323915271,0.13119303239152677,0.13119303239152677,0.0,0.13112940881342186,4701,0,2351,0,0,false,true,OPTIMAL (exhausted)
bnc,concrete,standardized,8,1030,128.75,0.1,103,dual,20,2026-08-27 18:29:27,2026-08-27 18:33:01,213.4043777,213.40400004386902,0.1311930323915271,0.13119303239152677,0.13119303239152677,0.0,0.13113204456988967,6092,0,2083,7887,6484,false,true,OPTIMAL (exhausted)
bnc,concrete,standardized,8,1030,128.75,0.1,103,primal,20,2026-08-27 18:33:01,2026-08-27 18:36:34,212.4640889,212.46399998664856,0.1311930323915271,0.13119303239152677,0.13119303239152677,0.0,0.13113204456988967,6167,0,2105,8275,6665,false,true,OPTIMAL (exhausted)
bnc,forest_fires,raw,10,517,51.7,0.1,52,none,20,2026-08-27 18:36:34,2026-08-27 18:40:21,226.5105461,226.5110001564026,0.03817324120776057,0.03817324120776058,0.03817324120776058,0.0,0.03812263843008226,2027,0,1014,0,0,false,true,OPTIMAL (exhausted)
bnc,forest_fires,raw,10,517,51.7,0.1,52,dual,20,2026-08-27 18:40:21,2026-08-27 18:41:47,85.3146666,85.31500005722046,0.03817324120776057,0.03817324120776058,0.03817324120776058,0.0,0.03812328469324949,3475,0,1163,4152,2828,false,true,OPTIMAL (exhausted)
bnc,forest_fires,raw,10,517,51.7,0.1,52,primal,20,2026-08-27 18:41:47,2026-08-27 18:43:10,83.3647459,83.36500000953674,0.03817324120776057,0.03817324120776058,0.03817324120776058,0.0,0.03812328469324949,3417,0,1143,4183,2813,false,true,OPTIMAL (exhausted)
bnc,forest_fires,normalized,10,517,51.7,0.1,52,none,20,2026-08-27 18:43:11,2026-08-27 18:47:55,283.9145214,283.9139997959137,4.752506038729239,4.752506038729239,4.752506038729239,0.0,4.744396566350386,1803,0,902,0,0,false,true,OPTIMAL (exhausted)
bnc,forest_fires,normalized,10,517,51.7,0.1,52,dual,20,2026-08-27 18:47:56,2026-08-27 18:50:11,135.3531045,135.35400009155273,4.752506038729239,4.752506038729239,4.752506038729239,0.0,4.744396566350386,2543,0,855,4189,2484,false,true,OPTIMAL (exhausted)
bnc,forest_fires,normalized,10,517,51.7,0.1,52,primal,20,2026-08-27 18:50:11,2026-08-27 18:52:25,133.5037451,133.50400018692017,4.752506038729239,4.752506038729239,4.752506038729239,0.0,4.744396566350386,2541,0,854,4190,2487,false,true,OPTIMAL (exhausted)
bnc,forest_fires,standardized,10,517,51.7,0.1,52,none,20,2026-08-27 18:52:26,2026-08-27 18:55:55,209.1644175,209.1650002002716,0.13839852555197368,0.1383985255519737,0.1383985255519737,0.0,0.13803434680911092,1639,0,820,0,0,false,true,OPTIMAL (exhausted)
bnc,forest_fires,standardized,10,517,51.7,0.1,52,dual,20,2026-08-27 18:55:55,2026-08-27 18:57:48,112.538407,112.53799986839294,0.13839852555197368,0.1383985255519737,0.1383985255519737,0.0,0.1380343692196933,2375,0,819,2704,2321,false,true,OPTIMAL (exhausted)
bnc,forest_fires,standardized,10,517,51.7,0.1,52,primal,20,2026-08-27 18:57:48,2026-08-27 18:59:41,112.667409,112.66700005531311,0.13839852555197368,0.1383985255519737,0.1383985255519737,0.0,0.1380343692196933,2367,0,818,2698,2308,false,true,OPTIMAL (exhausted)
bnc,wine_red,raw,11,1599,145.36363636363637,0.1,160,none,20,2026-08-27 18:59:42,2026-08-27 19:59:42,3600.1048539,3600.1050000190735,3.7971817523823876,3.7971817523830675,3.7964206572417925,0.0007610951412750921,3.7942162489018028,8958,3115,1364,0,0,true,false,TIME LIMIT
bnc,wine_red,raw,11,1599,145.36363636363637,0.1,160,dual,20,2026-08-27 19:59:43,2026-08-27 20:59:43,3600.0695334,3600.069999933243,3.7971817523823876,3.7971817523830675,3.796711910480944,0.0004698419021234024,3.7942173848648,48693,8732,6212,93725,65612,true,false,TIME LIMIT
bnc,wine_red,raw,11,1599,145.36363636363637,0.1,160,primal,20,2026-08-27 20:59:43,2026-08-27 21:59:43,3600.2032463,3600.201999902725,3.7971817523823876,3.7971817523830675,3.796717633660176,0.00046411872289153777,3.7942173848648,50531,9066,6449,96639,67717,true,false,TIME LIMIT
bnc,wine_red,normalized,11,1599,145.36363636363637,0.1,160,none,20,2026-08-27 21:59:44,2026-08-27 22:59:45,3600.0740497,3600.074000120163,3.49932253892263,3.4993225389226605,3.499306672257933,1.586666472741527e-5,3.4980552479891904,11129,415,5150,0,0,true,false,TIME LIMIT
bnc,wine_red,normalized,11,1599,145.36363636363637,0.1,160,dual,20,2026-08-27 22:59:45,2026-08-27 23:13:08,802.6661504,802.6660001277924,3.49932253892263,3.4993225389226605,3.4993225389226605,0.0,3.4980552479891904,16169,0,5800,18278,13342,false,true,OPTIMAL (exhausted)
bnc,wine_red,normalized,11,1599,145.36363636363637,0.1,160,primal,20,2026-08-27 23:13:08,2026-08-27 23:25:38,749.7255244,749.7260000705719,3.49932253892263,3.4993225389226605,3.4993225389226605,0.0,3.4980552479891904,16168,0,5800,18273,13374,false,true,OPTIMAL (exhausted)
bnc,wine_red,standardized,11,1599,145.36363636363637,0.1,160,none,20,2026-08-27 23:25:39,2026-08-28 00:25:39,3600.1311836,3600.1319999694824,0.06697602742877143,0.0669760274287715,0.06697012658811448,5.900840657019346e-6,0.06695053019200967,16019,6733,1277,0,0,true,false,TIME LIMIT
bnc,wine_red,standardized,11,1599,145.36363636363637,0.1,160,dual,20,2026-08-28 00:25:39,2026-08-28 01:25:39,3600.0192545,3600.0190000534058,0.06697602742877143,0.0669760274287715,0.06697275200967442,3.2754190970735175e-6,0.06695053019200967,95363,13878,15533,135125,143562,true,false,TIME LIMIT
bnc,wine_red,standardized,11,1599,145.36363636363637,0.1,160,primal,20,2026-08-28 01:25:40,2026-08-28 02:25:40,3600.004167,3600.0039999485016,0.06697602742877143,0.0669760274287715,0.06697268614147017,3.341287301325546e-6,0.06695053019200967,93420,13837,14875,133878,143185,true,false,TIME LIMIT
bnc,wine_white,raw,11,4898,445.27272727272725,0.1,490,none,20,2026-08-28 02:25:41,2026-08-28 03:25:41,3600.5234492,3600.5190000534058,1.686427215694663,1.6864272156946791,1.6864118924198437,1.5323274835443712e-5,1.686390442296531,3508,1541,213,0,0,true,false,TIME LIMIT
bnc,wine_white,raw,11,4898,445.27272727272725,0.1,490,dual,20,2026-08-28 03:25:41,2026-08-28 04:25:42,3600.0750316,3600.077000141144,1.686427215694663,1.6864272156946791,1.6864193366109177,7.87908376143065e-6,1.686390442296531,58404,11678,6244,82276,74581,true,false,TIME LIMIT
bnc,wine_white,raw,11,4898,445.27272727272725,0.1,490,primal,20,2026-08-28 04:25:43,2026-08-28 05:25:43,3600.0996272,3600.100000143051,1.686427215694663,1.6864272156946791,1.6864198379563806,7.377738298508518e-6,1.686390442296531,67287,12956,7829,91217,83224,true,false,TIME LIMIT
bnc,wine_white,normalized,11,4898,445.27272727272725,0.1,490,none,20,2026-08-28 05:25:45,2026-08-28 05:33:25,460.0548683,460.05399990081787,4.863961241111068,4.8639612411110384,4.8639612411110384,0.0,4.863884191846786,531,0,266,0,0,false,true,OPTIMAL (exhausted)
bnc,wine_white,normalized,11,4898,445.27272727272725,0.1,490,dual,20,2026-08-28 05:33:26,2026-08-28 05:33:59,33.5122263,33.51200008392334,4.863961241111068,4.8639612411110384,4.8639612411110384,0.0,4.863884191846786,628,0,219,5285,1532,false,true,OPTIMAL (exhausted)
bnc,wine_white,normalized,11,4898,445.27272727272725,0.1,490,primal,20,2026-08-28 05:33:59,2026-08-28 05:34:34,34.2869813,34.27300000190735,4.863961241111068,4.8639612411110384,4.8639612411110384,0.0,4.863884191846786,645,0,226,5304,1564,false,true,OPTIMAL (exhausted)
bnc,wine_white,standardized,11,4898,445.27272727272725,0.1,490,none,20,2026-08-28 05:34:34,2026-08-28 05:35:29,54.5698942,54.56099987030029,0.029794485429357524,0.02979448542935758,0.02979448542935758,0.0,0.02979323689538689,75,0,24,0,0,false,true,OPTIMAL (exhausted)
bnc,wine_white,standardized,11,4898,445.27272727272725,0.1,490,dual,20,2026-08-28 05:35:29,2026-08-28 06:35:29,3600.010411,3600.0169999599457,0.02979549653171279,0.029795496531712904,0.02979323689538689,2.2596363260136976e-6,0.02979323689538689,90783,8316,30739,132126,214714,true,false,TIME LIMIT
bnc,wine_white,standardized,11,4898,445.27272727272725,0.1,490,primal,20,2026-08-28 06:35:30,2026-08-28 07:35:30,3600.0518037,3600.0520000457764,0.02979549653171279,0.029795496531712904,0.02979323689538689,2.2596363260136976e-6,0.02979323689538689,96607,7990,33096,107775,287528,true,false,TIME LIMIT
bnc,yacht,raw,6,308,51.333333333333336,0.1,31,none,20,2026-08-28 07:35:32,2026-08-28 08:35:32,3600.1965063,3600.1959998607635,30.34669451376775,30.346694513787885,30.277459212058883,0.06923530172900172,30.20912211223396,15694,7692,155,0,0,true,false,TIME LIMIT
bnc,yacht,raw,6,308,51.333333333333336,0.1,31,dual,20,2026-08-28 08:35:32,2026-08-28 09:35:32,3600.0807701,3600.0810000896454,30.34669451376775,30.346694513787885,30.27511859000132,0.07157592378656474,30.20912277552344,19189,6083,113,59605,5811,true,false,TIME LIMIT
bnc,yacht,raw,6,308,51.333333333333336,0.1,31,primal,20,2026-08-28 09:35:33,2026-08-28 10:35:33,3600.3813554,3600.3819999694824,30.34669451376775,30.346694513787885,30.27516125434154,0.07153325944634403,30.20912277552344,19251,6100,113,59875,5838,true,false,TIME LIMIT
bnc,yacht,normalized,6,308,51.333333333333336,0.1,31,none,20,2026-08-28 12:23:58,2026-08-28 12:27:57,236.5826281,236.5829999446869,3.78854152477725,3.788541524777255,3.788541524777255,0.0,3.7754334510238956,2177,0,1089,0,0,false,true,OPTIMAL (exhausted)
bnc,yacht,normalized,6,308,51.333333333333336,0.1,31,dual,20,2026-08-28 12:27:58,2026-08-28 12:29:43,105.6285612,105.62899994850159,3.78854152477725,3.788541524777255,3.788541524777255,0.0,3.7754334510238956,2086,0,710,5139,1865,false,true,OPTIMAL (exhausted)
bnc,yacht,normalized,6,308,51.333333333333336,0.1,31,primal,20,2026-08-28 12:29:44,2026-08-28 12:31:18,94.0774745,94.07800006866455,3.78854152477725,3.788541524777255,3.788541524777255,0.0,3.7754334510238956,2086,0,710,5139,1865,false,true,OPTIMAL (exhausted)
bnc,yacht,standardized,6,308,51.333333333333336,0.1,31,none,20,2026-08-28 12:31:19,2026-08-28 13:31:19,3600.0744612,3600.0750000476837,1.07715871886899,1.0771587188689966,1.0724567792974817,0.004701939571514879,1.0701709574877047,19518,9310,449,0,0,true,false,TIME LIMIT
bnc,yacht,standardized,6,308,51.333333333333336,0.1,31,dual,20,2026-08-28 13:31:19,2026-08-28 14:31:19,3600.2054063,3600.204999923706,1.077382628941258,1.0773826289412647,1.0724544496640962,0.004928179277168487,1.0701712286681098,25109,9635,145,124682,21354,true,false,TIME LIMIT
bnc,yacht,standardized,6,308,51.333333333333336,0.1,31,primal,20,2026-08-28 14:31:20,2026-08-28 15:31:20,3600.0842235,3600.085000038147,1.077382628941258,1.0773826289412647,1.0724724948382398,0.004910134103024877,1.0701712286681098,26294,10029,171,132116,22353,true,false,TIME LIMIT
